{
  "Packages": [
    {
      "Package": {
        "Id": "CustomInputHTMLPageGenerator.Activities",
        "Version": "1.0.2"
      },
      "Assemblies": [
        "C:\\Users\\m1043031\\.nuget\\packages\\custominputhtmlpagegenerator.activities/1.0.2\\lib/Custom Input Page Generator for UiPath.dll"
      ]
    },
    {
      "Package": {
        "Id": "DocumentFormat.OpenXml",
        "Version": "2.5.0"
      },
      "Assemblies": [
        "C:\\Users\\m1043031\\.nuget\\packages\\documentformat.openxml/2.5.0\\lib/DocumentFormat.OpenXml.dll"
      ]
    },
    {
      "Package": {
        "Id": "GetFileName.Activities",
        "Version": "1.0.0"
      },
      "Assemblies": [
        "C:\\Users\\m1043031\\.nuget\\packages\\getfilename.activities/1.0.0\\lib/Get FileName.dll"
      ]
    },
    {
      "Package": {
        "Id": "GetFilesFromFolderActivities",
        "Version": "1.0.3"
      },
      "Assemblies": [
        "C:\\Users\\m1043031\\.nuget\\packages\\getfilesfromfolderactivities/1.0.3\\lib/GetFilesFromFolder.dll"
      ]
    },
    {
      "Package": {
        "Id": "Microsoft.ApplicationInsights.JavaScript",
        "Version": "1.0.20-build00666"
      },
      "Assemblies": []
    },
    {
      "Package": {
        "Id": "Microsoft.PowerBI.JavaScript",
        "Version": "2.8.0"
      },
      "Assemblies": []
    },
    {
      "Package": {
        "Id": "Newtonsoft.Json",
        "Version": "11.0.2"
      },
      "Assemblies": [
        "C:\\Users\\m1043031\\.nuget\\packages\\newtonsoft.json/11.0.2\\lib/net45/Newtonsoft.Json.dll"
      ]
    },
    {
      "Package": {
        "Id": "Speech",
        "Version": "1.0.7"
      },
      "Assemblies": [
        "C:\\Users\\m1043031\\.nuget\\packages\\speech/1.0.7\\lib/Text-To-Speech.dll"
      ]
    },
    {
      "Package": {
        "Id": "UiPath",
        "Version": "19.8.7173.31251-ce"
      },
      "Assemblies": [
        "C:\\Users\\m1043031\\.nuget\\packages\\uipath/19.8.7173.31251-ce\\lib/UiPath.Interop.dll"
      ]
    },
    {
      "Package": {
        "Id": "UiPath.ActiveDirectoryDomainServices.Activities",
        "Version": "1.0.0"
      },
      "Assemblies": [
        "C:\\Users\\m1043031\\.nuget\\packages\\system.valuetuple/4.5.0\\lib/net461/System.ValueTuple.dll",
        "C:\\Users\\m1043031\\.nuget\\packages\\uipath.activedirectorydomainservices.activities/1.0.0\\lib/net461/UiPath.ActiveDirectoryDomainServices.Activities.Design.dll",
        "C:\\Users\\m1043031\\.nuget\\packages\\uipath.activedirectorydomainservices.activities/1.0.0\\lib/net461/UiPath.ActiveDirectoryDomainServices.Activities.dll",
        "C:\\Users\\m1043031\\.nuget\\packages\\uipath.activedirectorydomainservices.activities/1.0.0\\lib/net461/UiPath.ActiveDirectoryDomainServices.dll"
      ]
    },
    {
      "Package": {
        "Id": "UiPath.Cognitive.Activities",
        "Version": "2.2.3"
      },
      "Assemblies": [
        "C:\\Users\\m1043031\\.nuget\\packages\\newtonsoft.json/11.0.2\\lib/net45/Newtonsoft.Json.dll",
        "C:\\Users\\m1043031\\.nuget\\packages\\uipath.cognitive.activities/2.2.3\\lib/net452/UiPath.Cognitive.Activities.Design.dll",
        "C:\\Users\\m1043031\\.nuget\\packages\\uipath.cognitive.activities/2.2.3\\lib/net452/UiPath.Cognitive.Activities.dll",
        "C:\\Users\\m1043031\\.nuget\\packages\\uipath.cognitive.activities/2.2.3\\lib/net452/UiPath.Cognitive.dll"
      ]
    },
    {
      "Package": {
        "Id": "UiPath.ComputerVision.Activities",
        "Version": "2.1.0"
      },
      "Assemblies": [
        "C:\\Users\\m1043031\\.nuget\\packages\\avalonedit/5.0.3\\lib/Net40/ICSharpCode.AvalonEdit.dll",
        "C:\\Users\\m1043031\\.nuget\\packages\\extended.wpf.toolkit/2.8.0\\lib/net40/Xceed.Wpf.AvalonDock.Themes.Aero.dll",
        "C:\\Users\\m1043031\\.nuget\\packages\\extended.wpf.toolkit/2.8.0\\lib/net40/Xceed.Wpf.AvalonDock.Themes.Metro.dll",
        "C:\\Users\\m1043031\\.nuget\\packages\\extended.wpf.toolkit/2.8.0\\lib/net40/Xceed.Wpf.AvalonDock.Themes.VS2010.dll",
        "C:\\Users\\m1043031\\.nuget\\packages\\extended.wpf.toolkit/2.8.0\\lib/net40/Xceed.Wpf.AvalonDock.dll",
        "C:\\Users\\m1043031\\.nuget\\packages\\extended.wpf.toolkit/2.8.0\\lib/net40/Xceed.Wpf.DataGrid.dll",
        "C:\\Users\\m1043031\\.nuget\\packages\\extended.wpf.toolkit/2.8.0\\lib/net40/Xceed.Wpf.Toolkit.dll",
        "C:\\Users\\m1043031\\.nuget\\packages\\humanizer.core/2.4.2\\lib/netstandard2.0/Humanizer.dll",
        "C:\\Users\\m1043031\\.nuget\\packages\\newtonsoft.json/11.0.2\\lib/net45/Newtonsoft.Json.dll",
        "C:\\Users\\m1043031\\.nuget\\packages\\uipath/19.8.7173.31251-ce\\lib/UiPath.Interop.dll",
        "C:\\Users\\m1043031\\.nuget\\packages\\uipath.computervision.activities/2.1.0\\lib/net461/UiPath.CV.Activities.Design.dll",
        "C:\\Users\\m1043031\\.nuget\\packages\\uipath.computervision.activities/2.1.0\\lib/net461/UiPath.CV.Activities.dll",
        "C:\\Users\\m1043031\\.nuget\\packages\\uipath.computervision.activities/2.1.0\\lib/net461/UiPath.CV.dll",
        "C:\\Users\\m1043031\\.nuget\\packages\\uipath.ocr.contracts/2.1.0\\lib/net45/UiPath.OCR.Contracts.dll",
        "C:\\Users\\m1043031\\.nuget\\packages\\uipath.uiautomation.activities/19.8.0-ce\\lib/net461/ActiproSoftware.DataGrid.Contrib.Wpf.dll",
        "C:\\Users\\m1043031\\.nuget\\packages\\uipath.uiautomation.activities/19.8.0-ce\\lib/net461/ActiproSoftware.Docking.Wpf.dll",
        "C:\\Users\\m1043031\\.nuget\\packages\\uipath.uiautomation.activities/19.8.0-ce\\lib/net461/ActiproSoftware.Editors.Wpf.dll",
        "C:\\Users\\m1043031\\.nuget\\packages\\uipath.uiautomation.activities/19.8.0-ce\\lib/net461/ActiproSoftware.Ribbon.Wpf.dll",
        "C:\\Users\\m1043031\\.nuget\\packages\\uipath.uiautomation.activities/19.8.0-ce\\lib/net461/ActiproSoftware.Shared.Wpf.dll",
        "C:\\Users\\m1043031\\.nuget\\packages\\uipath.uiautomation.activities/19.8.0-ce\\lib/net461/ActiproSoftware.SyntaxEditor.Addons.DotNet.Wpf.dll",
        "C:\\Users\\m1043031\\.nuget\\packages\\uipath.uiautomation.activities/19.8.0-ce\\lib/net461/ActiproSoftware.SyntaxEditor.Wpf.dll",
        "C:\\Users\\m1043031\\.nuget\\packages\\uipath.uiautomation.activities/19.8.0-ce\\lib/net461/ActiproSoftware.Text.Addons.DotNet.Wpf.dll",
        "C:\\Users\\m1043031\\.nuget\\packages\\uipath.uiautomation.activities/19.8.0-ce\\lib/net461/ActiproSoftware.Text.LLParser.Wpf.dll",
        "C:\\Users\\m1043031\\.nuget\\packages\\uipath.uiautomation.activities/19.8.0-ce\\lib/net461/ActiproSoftware.Text.Wpf.dll",
        "C:\\Users\\m1043031\\.nuget\\packages\\uipath.uiautomation.activities/19.8.0-ce\\lib/net461/ActiproSoftware.Wizard.Wpf.dll",
        "C:\\Users\\m1043031\\.nuget\\packages\\uipath.uiautomation.activities/19.8.0-ce\\lib/net461/UiPath.UIAutomation.Activities.Design.dll",
        "C:\\Users\\m1043031\\.nuget\\packages\\uipath.uiautomation.activities/19.8.0-ce\\lib/net461/UiPath.UiAutomation.Activities.dll",
        "C:\\Users\\m1043031\\.nuget\\packages\\uipath.uiautomation.activities/19.8.0-ce\\lib/net461/UiPath.Wizards.dll",
        "C:\\Users\\m1043031\\.nuget\\packages\\uipath.vision/1.7.0\\lib/net452/UiPath.Vision.AbbyyCloud.dll",
        "C:\\Users\\m1043031\\.nuget\\packages\\uipath.vision/1.7.0\\lib/net452/UiPath.Vision.AbbyyFRE11.dll",
        "C:\\Users\\m1043031\\.nuget\\packages\\uipath.vision/1.7.0\\lib/net452/UiPath.Vision.AbbyyFRE12.dll",
        "C:\\Users\\m1043031\\.nuget\\packages\\uipath.vision/1.7.0\\lib/net452/UiPath.Vision.AbbyyFRECommon.dll",
        "C:\\Users\\m1043031\\.nuget\\packages\\uipath.vision/1.7.0\\lib/net452/UiPath.Vision.AzureComputerVision.dll",
        "C:\\Users\\m1043031\\.nuget\\packages\\uipath.vision/1.7.0\\lib/net452/UiPath.Vision.Core.dll",
        "C:\\Users\\m1043031\\.nuget\\packages\\uipath.vision/1.7.0\\lib/net452/UiPath.Vision.GoogleCloud.dll",
        "C:\\Users\\m1043031\\.nuget\\packages\\uipath.vision/1.7.0\\lib/net452/UiPath.Vision.Microsoft.dll",
        "C:\\Users\\m1043031\\.nuget\\packages\\uipath.vision/1.7.0\\lib/net452/UiPath.Vision.MicrosoftCloud.dll",
        "C:\\Users\\m1043031\\.nuget\\packages\\uipath.vision/1.7.0\\lib/net452/UiPath.Vision.Tesseract.dll",
        "C:\\Users\\m1043031\\.nuget\\packages\\uipath.vision/1.7.0\\lib/net452/UiPath.Vision.dll"
      ]
    },
    {
      "Package": {
        "Id": "UiPath.Credentials.Activities",
        "Version": "1.1.6479.13204"
      },
      "Assemblies": [
        "C:\\Users\\m1043031\\.nuget\\packages\\credentialmanagement/1.0.2\\lib/net35/CredentialManagement.dll",
        "C:\\Users\\m1043031\\.nuget\\packages\\uipath.credentials.activities/1.1.6479.13204\\lib/net40-client/UiPath.Credentials.Activities.dll"
      ]
    },
    {
      "Package": {
        "Id": "UiPath.Cryptography.Activities",
        "Version": "1.0.6863.32236"
      },
      "Assemblies": [
        "C:\\Users\\m1043031\\.nuget\\packages\\uipath.cryptography.activities/1.0.6863.32236\\lib/net452/UiPath.Cryptography.Activities.Design.dll",
        "C:\\Users\\m1043031\\.nuget\\packages\\uipath.cryptography.activities/1.0.6863.32236\\lib/net452/UiPath.Cryptography.Activities.dll",
        "C:\\Users\\m1043031\\.nuget\\packages\\uipath.cryptography.activities/1.0.6863.32236\\lib/net452/UiPath.Cryptography.dll"
      ]
    },
    {
      "Package": {
        "Id": "UiPath.Database.Activities",
        "Version": "1.2.6863.32528"
      },
      "Assemblies": [
        "C:\\Users\\m1043031\\.nuget\\packages\\uipath.database.activities/1.2.6863.32528\\lib/net40-Client/Microsoft.Data.ConnectionUI.Dialog.dll",
        "C:\\Users\\m1043031\\.nuget\\packages\\uipath.database.activities/1.2.6863.32528\\lib/net40-Client/UiPath.Database.Activities.Design.dll",
        "C:\\Users\\m1043031\\.nuget\\packages\\uipath.database.activities/1.2.6863.32528\\lib/net40-Client/UiPath.Database.Activities.dll",
        "C:\\Users\\m1043031\\.nuget\\packages\\uipath.database.activities/1.2.6863.32528\\lib/net40-Client/UiPath.Database.dll"
      ]
    },
    {
      "Package": {
        "Id": "UiPath.DocumentProcessing.Contracts",
        "Version": "1.2.0"
      },
      "Assemblies": [
        "C:\\Users\\m1043031\\.nuget\\packages\\newtonsoft.json/11.0.2\\lib/net45/Newtonsoft.Json.dll",
        "C:\\Users\\m1043031\\.nuget\\packages\\uipath.documentprocessing.contracts/1.2.0\\lib/net461/UiPath.DocumentProcessing.Contracts.dll"
      ]
    },
    {
      "Package": {
        "Id": "UiPath.ExchangeServer.Activities",
        "Version": "1.0.0"
      },
      "Assemblies": [
        "C:\\Users\\m1043031\\.nuget\\packages\\uipath.exchangeserver.activities/1.0.0\\lib/net461/UiPath.ExchangeServer.Activities.Design.dll",
        "C:\\Users\\m1043031\\.nuget\\packages\\uipath.exchangeserver.activities/1.0.0\\lib/net461/UiPath.ExchangeServer.Activities.dll",
        "C:\\Users\\m1043031\\.nuget\\packages\\uipath.exchangeserver.activities/1.0.0\\lib/net461/UiPath.ExchangeServer.dll"
      ]
    },
    {
      "Package": {
        "Id": "UiPath.FTP.Activities",
        "Version": "1.0.6479.13206"
      },
      "Assemblies": [
        "C:\\Users\\m1043031\\.nuget\\packages\\ssh.net/2013.4.7\\lib/net40/Renci.SshNet.dll",
        "C:\\Users\\m1043031\\.nuget\\packages\\system.net.ftpclient/1.0.5281.14359\\lib/net40/System.Net.FtpClient.dll",
        "C:\\Users\\m1043031\\.nuget\\packages\\uipath.ftp.activities/1.0.6479.13206\\lib/net40/UiPath.FTP.Activities.Design.dll",
        "C:\\Users\\m1043031\\.nuget\\packages\\uipath.ftp.activities/1.0.6479.13206\\lib/net40/UiPath.FTP.Activities.dll"
      ]
    },
    {
      "Package": {
        "Id": "UiPath.GoogleSpeech.Activities",
        "Version": "0.1.6850.39757"
      },
      "Assemblies": [
        "C:\\Users\\m1043031\\.nuget\\packages\\google.api.commonprotos/1.2.0\\lib/net45/Google.Api.CommonProtos.dll",
        "C:\\Users\\m1043031\\.nuget\\packages\\google.api.gax/2.4.0\\lib/net45/Google.Api.Gax.dll",
        "C:\\Users\\m1043031\\.nuget\\packages\\google.api.gax.grpc/2.4.0\\lib/net45/Google.Api.Gax.Grpc.dll",
        "C:\\Users\\m1043031\\.nuget\\packages\\google.api.gax.rest/2.3.0\\lib/net45/Google.Api.Gax.Rest.dll",
        "C:\\Users\\m1043031\\.nuget\\packages\\google.apis/1.38.0\\lib/net45/Google.Apis.PlatformServices.dll",
        "C:\\Users\\m1043031\\.nuget\\packages\\google.apis/1.38.0\\lib/net45/Google.Apis.dll",
        "C:\\Users\\m1043031\\.nuget\\packages\\google.apis.auth/1.38.0\\lib/net45/Google.Apis.Auth.PlatformServices.dll",
        "C:\\Users\\m1043031\\.nuget\\packages\\google.apis.auth/1.38.0\\lib/net45/Google.Apis.Auth.dll",
        "C:\\Users\\m1043031\\.nuget\\packages\\google.apis.core/1.38.0\\lib/net45/Google.Apis.Core.dll",
        "C:\\Users\\m1043031\\.nuget\\packages\\google.apis.speech.v1beta1/1.34.0.1246\\lib/net45/Google.Apis.Speech.v1beta1.dll",
        "C:\\Users\\m1043031\\.nuget\\packages\\google.cloud.speech.v1/1.0.1\\lib/net45/Google.Cloud.Speech.V1.dll",
        "C:\\Users\\m1043031\\.nuget\\packages\\google.longrunning/1.0.0\\lib/net45/Google.LongRunning.dll",
        "C:\\Users\\m1043031\\.nuget\\packages\\google.protobuf/3.5.1\\lib/net45/Google.Protobuf.dll",
        "C:\\Users\\m1043031\\.nuget\\packages\\grpc.auth/1.12.0\\lib/net45/Grpc.Auth.dll",
        "C:\\Users\\m1043031\\.nuget\\packages\\grpc.core/1.12.0\\lib/net45/Grpc.Core.dll",
        "C:\\Users\\m1043031\\.nuget\\packages\\jh.google.cloud.texttospeech.v1/1.0.2\\lib/net45/Google.Cloud.TextToSpeech.V1.dll",
        "C:\\Users\\m1043031\\.nuget\\packages\\naudio/1.8.4\\lib/net35/NAudio.dll",
        "C:\\Users\\m1043031\\.nuget\\packages\\newtonsoft.json/11.0.2\\lib/net45/Newtonsoft.Json.dll",
        "C:\\Users\\m1043031\\.nuget\\packages\\system.interactive.async/3.2.0\\lib/net46/System.Interactive.Async.dll",
        "C:\\Users\\m1043031\\.nuget\\packages\\system.net.http/4.3.1\\lib/net46/System.Net.Http.dll",
        "C:\\Users\\m1043031\\.nuget\\packages\\system.security.cryptography.algorithms/4.3.0\\lib/net461/System.Security.Cryptography.Algorithms.dll",
        "C:\\Users\\m1043031\\.nuget\\packages\\system.security.cryptography.encoding/4.3.0\\lib/net46/System.Security.Cryptography.Encoding.dll",
        "C:\\Users\\m1043031\\.nuget\\packages\\system.security.cryptography.primitives/4.3.0\\lib/net46/System.Security.Cryptography.Primitives.dll",
        "C:\\Users\\m1043031\\.nuget\\packages\\system.security.cryptography.x509certificates/4.3.0\\lib/net461/System.Security.Cryptography.X509Certificates.dll",
        "C:\\Users\\m1043031\\.nuget\\packages\\uipath.googlespeech.activities/0.1.6850.39757\\lib/net452/UiPath.GoogleSpeech.Activities.Design.dll",
        "C:\\Users\\m1043031\\.nuget\\packages\\uipath.googlespeech.activities/0.1.6850.39757\\lib/net452/UiPath.GoogleSpeech.Activities.dll",
        "C:\\Users\\m1043031\\.nuget\\packages\\uipath.googlespeech.activities/0.1.6850.39757\\lib/net452/UiPath.GoogleSpeech.dll"
      ]
    },
    {
      "Package": {
        "Id": "UiPath.GoogleVision.Activities",
        "Version": "1.1.0"
      },
      "Assemblies": [
        "C:\\Users\\m1043031\\.nuget\\packages\\google.apis/1.38.0\\lib/net45/Google.Apis.PlatformServices.dll",
        "C:\\Users\\m1043031\\.nuget\\packages\\google.apis/1.38.0\\lib/net45/Google.Apis.dll",
        "C:\\Users\\m1043031\\.nuget\\packages\\google.apis.auth/1.38.0\\lib/net45/Google.Apis.Auth.PlatformServices.dll",
        "C:\\Users\\m1043031\\.nuget\\packages\\google.apis.auth/1.38.0\\lib/net45/Google.Apis.Auth.dll",
        "C:\\Users\\m1043031\\.nuget\\packages\\google.apis.core/1.38.0\\lib/net45/Google.Apis.Core.dll",
        "C:\\Users\\m1043031\\.nuget\\packages\\google.apis.vision.v1/1.38.0.1495\\lib/net45/Google.Apis.Vision.v1.dll",
        "C:\\Users\\m1043031\\.nuget\\packages\\newtonsoft.json/11.0.2\\lib/net45/Newtonsoft.Json.dll",
        "C:\\Users\\m1043031\\.nuget\\packages\\uipath.googlevision.activities/1.1.0\\lib/net461/UiPath.GoogleVision.Activities.Design.dll",
        "C:\\Users\\m1043031\\.nuget\\packages\\uipath.googlevision.activities/1.1.0\\lib/net461/UiPath.GoogleVision.Activities.dll",
        "C:\\Users\\m1043031\\.nuget\\packages\\uipath.googlevision.activities/1.1.0\\lib/net461/UiPath.GoogleVision.dll"
      ]
    },
    {
      "Package": {
        "Id": "UiPath.IntelligentOCR.Activities",
        "Version": "3.0.0"
      },
      "Assemblies": [
        "C:\\Users\\m1043031\\.nuget\\packages\\aforge/2.2.5\\lib/AForge.dll",
        "C:\\Users\\m1043031\\.nuget\\packages\\aforge.genetic/2.2.5\\lib/AForge.Genetic.dll",
        "C:\\Users\\m1043031\\.nuget\\packages\\aforge.imaging/2.2.5\\lib/AForge.Imaging.dll",
        "C:\\Users\\m1043031\\.nuget\\packages\\aforge.math/2.2.5\\lib/AForge.Math.dll",
        "C:\\Users\\m1043031\\.nuget\\packages\\aforge.neuro/2.2.5\\lib/AForge.Neuro.dll",
        "C:\\Users\\m1043031\\.nuget\\packages\\bitmiracle.docotic.pdf/5.9.9640\\lib/net40/BitMiracle.Docotic.Pdf.dll",
        "C:\\Users\\m1043031\\.nuget\\packages\\csvhelper/2.13.5\\lib/net40-client/CsvHelper.dll",
        "C:\\Users\\m1043031\\.nuget\\packages\\fsharp.core/4.0.0.1\\lib/net40/FSharp.Core.dll",
        "C:\\Users\\m1043031\\.nuget\\packages\\ivanakcheurov.ntextcat.lib/0.2.1.1\\lib/net40/IvanAkcheurov.Commons.dll",
        "C:\\Users\\m1043031\\.nuget\\packages\\ivanakcheurov.ntextcat.lib/0.2.1.1\\lib/net40/IvanAkcheurov.NClassify.dll",
        "C:\\Users\\m1043031\\.nuget\\packages\\ivanakcheurov.ntextcat.lib/0.2.1.1\\lib/net40/IvanAkcheurov.NTextCat.Lib.dll",
        "C:\\Users\\m1043031\\.nuget\\packages\\mathnet.numerics/4.5.1\\lib/net461/MathNet.Numerics.dll",
        "C:\\Users\\m1043031\\.nuget\\packages\\metrics.net/0.5.5\\lib/net45/Metrics.dll",
        "C:\\Users\\m1043031\\.nuget\\packages\\microsoft.xaml.behaviors.wpf/1.0.1\\lib/net45/Microsoft.Xaml.Behaviors.dll",
        "C:\\Users\\m1043031\\.nuget\\packages\\newtonsoft.json/11.0.2\\lib/net45/Newtonsoft.Json.dll",
        "C:\\Users\\m1043031\\.nuget\\packages\\numsense/0.12.0\\lib/net45/Ploeh.Numsense.dll",
        "C:\\Users\\m1043031\\.nuget\\packages\\system.collections.immutable/1.5.0\\lib/netstandard2.0/System.Collections.Immutable.dll",
        "C:\\Users\\m1043031\\.nuget\\packages\\system.runtime.interopservices.runtimeinformation/4.3.0\\lib/net45/System.Runtime.InteropServices.RuntimeInformation.dll",
        "C:\\Users\\m1043031\\.nuget\\packages\\system.valuetuple/4.5.0\\lib/net461/System.ValueTuple.dll",
        "C:\\Users\\m1043031\\.nuget\\packages\\uipath.cefsharpbundle/1.1.0\\lib/net452/CefSharp.BrowserSubprocess.Core.dll",
        "C:\\Users\\m1043031\\.nuget\\packages\\uipath.cefsharpbundle/1.1.0\\lib/net452/CefSharp.Core.dll",
        "C:\\Users\\m1043031\\.nuget\\packages\\uipath.cefsharpbundle/1.1.0\\lib/net452/CefSharp.Wpf.dll",
        "C:\\Users\\m1043031\\.nuget\\packages\\uipath.cefsharpbundle/1.1.0\\lib/net452/CefSharp.dll",
        "C:\\Users\\m1043031\\.nuget\\packages\\uipath.cefsharpbundle/1.1.0\\lib/net452/UiPath.CEFSharpBundle.dll",
        "C:\\Users\\m1043031\\.nuget\\packages\\uipath.cefsharpbundle/1.1.0\\lib/net452/chrome_elf.dll",
        "C:\\Users\\m1043031\\.nuget\\packages\\uipath.cefsharpbundle/1.1.0\\lib/net452/d3dcompiler_47.dll",
        "C:\\Users\\m1043031\\.nuget\\packages\\uipath.cefsharpbundle/1.1.0\\lib/net452/libEGL.dll",
        "C:\\Users\\m1043031\\.nuget\\packages\\uipath.cefsharpbundle/1.1.0\\lib/net452/libGLESv2.dll",
        "C:\\Users\\m1043031\\.nuget\\packages\\uipath.cefsharpbundle/1.1.0\\lib/net452/libcef.dll",
        "C:\\Users\\m1043031\\.nuget\\packages\\uipath.cefsharpbundle/1.1.0\\lib/net452/msvcp140.dll",
        "C:\\Users\\m1043031\\.nuget\\packages\\uipath.cefsharpbundle/1.1.0\\lib/net452/swiftshader/libEGL.dll",
        "C:\\Users\\m1043031\\.nuget\\packages\\uipath.cefsharpbundle/1.1.0\\lib/net452/swiftshader/libGLESv2.dll",
        "C:\\Users\\m1043031\\.nuget\\packages\\uipath.cefsharpbundle/1.1.0\\lib/net452/vcruntime140.dll",
        "C:\\Users\\m1043031\\.nuget\\packages\\uipath.documentprocessing.contracts/1.2.0\\lib/net461/UiPath.DocumentProcessing.Contracts.dll",
        "C:\\Users\\m1043031\\.nuget\\packages\\uipath.intelligentocr.activities/3.0.0\\lib/net461/FCEngine.VisualComponents.dll",
        "C:\\Users\\m1043031\\.nuget\\packages\\uipath.intelligentocr.activities/3.0.0\\lib/net461/Interop.FCEngine.dll",
        "C:\\Users\\m1043031\\.nuget\\packages\\uipath.intelligentocr.activities/3.0.0\\lib/net461/UiPath.IntelligentOCR.Activities.Design.dll",
        "C:\\Users\\m1043031\\.nuget\\packages\\uipath.intelligentocr.activities/3.0.0\\lib/net461/UiPath.IntelligentOCR.Activities.dll",
        "C:\\Users\\m1043031\\.nuget\\packages\\uipath.intelligentocr.activities/3.0.0\\lib/net461/UiPath.IntelligentOCR.dll",
        "C:\\Users\\m1043031\\.nuget\\packages\\uipath.intelligentocr.activities/3.0.0\\lib/net461/UiPath.SmartData.Data.dll",
        "C:\\Users\\m1043031\\.nuget\\packages\\uipath.intelligentocr.activities/3.0.0\\lib/net461/UiPath.SmartData.Digitization.dll",
        "C:\\Users\\m1043031\\.nuget\\packages\\uipath.intelligentocr.activities/3.0.0\\lib/net461/UiPath.SmartData.DocumentClassification.dll",
        "C:\\Users\\m1043031\\.nuget\\packages\\uipath.intelligentocr.activities/3.0.0\\lib/net461/UiPath.SmartData.FixedForms.dll",
        "C:\\Users\\m1043031\\.nuget\\packages\\uipath.intelligentocr.activities/3.0.0\\lib/net461/UiPath.SmartData.Host.Local.Infrastructure.dll",
        "C:\\Users\\m1043031\\.nuget\\packages\\uipath.intelligentocr.activities/3.0.0\\lib/net461/UiPath.SmartData.ImageProcessing.dll",
        "C:\\Users\\m1043031\\.nuget\\packages\\uipath.intelligentocr.activities/3.0.0\\lib/net461/UiPath.SmartData.Language.dll",
        "C:\\Users\\m1043031\\.nuget\\packages\\uipath.intelligentocr.activities/3.0.0\\lib/net461/UiPath.SmartData.Localization.dll",
        "C:\\Users\\m1043031\\.nuget\\packages\\uipath.intelligentocr.activities/3.0.0\\lib/net461/UiPath.SmartData.OCR.dll",
        "C:\\Users\\m1043031\\.nuget\\packages\\uipath.intelligentocr.activities/3.0.0\\lib/net461/UiPath.SmartData.OutOfProcessUi.Common.dll",
        "C:\\Users\\m1043031\\.nuget\\packages\\uipath.intelligentocr.activities/3.0.0\\lib/net461/UiPath.SmartData.PDF.dll",
        "C:\\Users\\m1043031\\.nuget\\packages\\uipath.intelligentocr.activities/3.0.0\\lib/net461/UiPath.SmartData.TableProcessing.dll",
        "C:\\Users\\m1043031\\.nuget\\packages\\uipath.intelligentocr.activities/3.0.0\\lib/net461/UiPath.SmartData.TaxonomyManager.Host.Local.dll",
        "C:\\Users\\m1043031\\.nuget\\packages\\uipath.intelligentocr.activities/3.0.0\\lib/net461/UiPath.SmartData.TaxonomyManager.dll",
        "C:\\Users\\m1043031\\.nuget\\packages\\uipath.intelligentocr.activities/3.0.0\\lib/net461/UiPath.SmartData.Utils.dll",
        "C:\\Users\\m1043031\\.nuget\\packages\\uipath.intelligentocr.activities/3.0.0\\lib/net461/UiPath.SmartData.ValidationStation.Host.Local.dll",
        "C:\\Users\\m1043031\\.nuget\\packages\\uipath.intelligentocr.activities/3.0.0\\lib/net461/UiPath.SmartData.ValidationStation.ValueParsing.dll",
        "C:\\Users\\m1043031\\.nuget\\packages\\uipath.intelligentocr.activities/3.0.0\\lib/net461/UiPath.SmartData.ValidationStation.dll",
        "C:\\Users\\m1043031\\.nuget\\packages\\uipath.ocr.contracts/2.1.0\\lib/net45/UiPath.OCR.Contracts.dll",
        "C:\\Users\\m1043031\\.nuget\\packages\\uipath.vision/1.7.0\\lib/net452/UiPath.Vision.AbbyyCloud.dll",
        "C:\\Users\\m1043031\\.nuget\\packages\\uipath.vision/1.7.0\\lib/net452/UiPath.Vision.AbbyyFRE11.dll",
        "C:\\Users\\m1043031\\.nuget\\packages\\uipath.vision/1.7.0\\lib/net452/UiPath.Vision.AbbyyFRE12.dll",
        "C:\\Users\\m1043031\\.nuget\\packages\\uipath.vision/1.7.0\\lib/net452/UiPath.Vision.AbbyyFRECommon.dll",
        "C:\\Users\\m1043031\\.nuget\\packages\\uipath.vision/1.7.0\\lib/net452/UiPath.Vision.AzureComputerVision.dll",
        "C:\\Users\\m1043031\\.nuget\\packages\\uipath.vision/1.7.0\\lib/net452/UiPath.Vision.Core.dll",
        "C:\\Users\\m1043031\\.nuget\\packages\\uipath.vision/1.7.0\\lib/net452/UiPath.Vision.GoogleCloud.dll",
        "C:\\Users\\m1043031\\.nuget\\packages\\uipath.vision/1.7.0\\lib/net452/UiPath.Vision.Microsoft.dll",
        "C:\\Users\\m1043031\\.nuget\\packages\\uipath.vision/1.7.0\\lib/net452/UiPath.Vision.MicrosoftCloud.dll",
        "C:\\Users\\m1043031\\.nuget\\packages\\uipath.vision/1.7.0\\lib/net452/UiPath.Vision.Tesseract.dll",
        "C:\\Users\\m1043031\\.nuget\\packages\\uipath.vision/1.7.0\\lib/net452/UiPath.Vision.dll"
      ]
    },
    {
      "Package": {
        "Id": "UiPath.MicrosoftVision.Activities",
        "Version": "2.1.0"
      },
      "Assemblies": [
        "C:\\Users\\m1043031\\.nuget\\packages\\microsoft.azure.cognitiveservices.vision.computervision/5.0.0\\lib/net452/Microsoft.Azure.CognitiveServices.Vision.ComputerVision.dll",
        "C:\\Users\\m1043031\\.nuget\\packages\\microsoft.rest.clientruntime/2.3.20\\lib/net461/Microsoft.Rest.ClientRuntime.dll",
        "C:\\Users\\m1043031\\.nuget\\packages\\microsoft.rest.clientruntime.azure/3.3.19\\lib/net461/Microsoft.Rest.ClientRuntime.Azure.dll",
        "C:\\Users\\m1043031\\.nuget\\packages\\newtonsoft.json/11.0.2\\lib/net45/Newtonsoft.Json.dll",
        "C:\\Users\\m1043031\\.nuget\\packages\\uipath.microsoftvision.activities/2.1.0\\lib/net461/UiPath.MicrosoftVision.Activities.Design.dll",
        "C:\\Users\\m1043031\\.nuget\\packages\\uipath.microsoftvision.activities/2.1.0\\lib/net461/UiPath.MicrosoftVision.Activities.dll",
        "C:\\Users\\m1043031\\.nuget\\packages\\uipath.microsoftvision.activities/2.1.0\\lib/net461/UiPath.MicrosoftVision.dll"
      ]
    },
    {
      "Package": {
        "Id": "UiPath.OCR.Contracts",
        "Version": "2.1.0"
      },
      "Assemblies": [
        "C:\\Users\\m1043031\\.nuget\\packages\\uipath.ocr.contracts/2.1.0\\lib/net45/UiPath.OCR.Contracts.dll"
      ]
    },
    {
      "Package": {
        "Id": "UiPath.OmniPage.Activities",
        "Version": "1.1.0"
      },
      "Assemblies": [
        "C:\\Users\\m1043031\\.nuget\\packages\\uipath.ocr.contracts/2.1.0\\lib/net45/UiPath.OCR.Contracts.dll",
        "C:\\Users\\m1043031\\.nuget\\packages\\uipath.omnipage.activities/1.1.0\\lib/net452/UiPath.OmniPage.Activities.Design.dll",
        "C:\\Users\\m1043031\\.nuget\\packages\\uipath.omnipage.activities/1.1.0\\lib/net452/UiPath.OmniPage.Activities.dll",
        "C:\\Users\\m1043031\\.nuget\\packages\\uipath.omnipage.activities/1.1.0\\lib/net452/UiPath.Vision.OmniPage.Core.dll",
        "C:\\Users\\m1043031\\.nuget\\packages\\uipath.omnipage.activities/1.1.0\\lib/net452/UiPath.Vision.OmniPage.dll",
        "C:\\Users\\m1043031\\.nuget\\packages\\uipath.omnipage.bundle/1.0.1\\lib/net452/AppHelper.dll",
        "C:\\Users\\m1043031\\.nuget\\packages\\uipath.omnipage.bundle/1.0.1\\lib/net452/AppProductConfig.dll",
        "C:\\Users\\m1043031\\.nuget\\packages\\uipath.omnipage.bundle/1.0.1\\lib/net452/AppUtils.dll",
        "C:\\Users\\m1043031\\.nuget\\packages\\uipath.omnipage.bundle/1.0.1\\lib/net452/Bnt.dll",
        "C:\\Users\\m1043031\\.nuget\\packages\\uipath.omnipage.bundle/1.0.1\\lib/net452/CRX.dll",
        "C:\\Users\\m1043031\\.nuget\\packages\\uipath.omnipage.bundle/1.0.1\\lib/net452/Defaults.dll",
        "C:\\Users\\m1043031\\.nuget\\packages\\uipath.omnipage.bundle/1.0.1\\lib/net452/FireWrx2.dll",
        "C:\\Users\\m1043031\\.nuget\\packages\\uipath.omnipage.bundle/1.0.1\\lib/net452/FireWrx3.dll",
        "C:\\Users\\m1043031\\.nuget\\packages\\uipath.omnipage.bundle/1.0.1\\lib/net452/FireWrx4.dll",
        "C:\\Users\\m1043031\\.nuget\\packages\\uipath.omnipage.bundle/1.0.1\\lib/net452/FireWrx5.dll",
        "C:\\Users\\m1043031\\.nuget\\packages\\uipath.omnipage.bundle/1.0.1\\lib/net452/FireWrx6.dll",
        "C:\\Users\\m1043031\\.nuget\\packages\\uipath.omnipage.bundle/1.0.1\\lib/net452/Firewrx.dll",
        "C:\\Users\\m1043031\\.nuget\\packages\\uipath.omnipage.bundle/1.0.1\\lib/net452/Formatter.dll",
        "C:\\Users\\m1043031\\.nuget\\packages\\uipath.omnipage.bundle/1.0.1\\lib/net452/ICDLLW32.dll",
        "C:\\Users\\m1043031\\.nuget\\packages\\uipath.omnipage.bundle/1.0.1\\lib/net452/ICHUNW32.dll",
        "C:\\Users\\m1043031\\.nuget\\packages\\uipath.omnipage.bundle/1.0.1\\lib/net452/IF_PNG.dll",
        "C:\\Users\\m1043031\\.nuget\\packages\\uipath.omnipage.bundle/1.0.1\\lib/net452/KernelAPI.dll",
        "C:\\Users\\m1043031\\.nuget\\packages\\uipath.omnipage.bundle/1.0.1\\lib/net452/LEditor.dll",
        "C:\\Users\\m1043031\\.nuget\\packages\\uipath.omnipage.bundle/1.0.1\\lib/net452/LecsoMgr.dll",
        "C:\\Users\\m1043031\\.nuget\\packages\\uipath.omnipage.bundle/1.0.1\\lib/net452/MiddleEarth.dll",
        "C:\\Users\\m1043031\\.nuget\\packages\\uipath.omnipage.bundle/1.0.1\\lib/net452/Mor.dll",
        "C:\\Users\\m1043031\\.nuget\\packages\\uipath.omnipage.bundle/1.0.1\\lib/net452/Mor2.dll",
        "C:\\Users\\m1043031\\.nuget\\packages\\uipath.omnipage.bundle/1.0.1\\lib/net452/Mor3.dll",
        "C:\\Users\\m1043031\\.nuget\\packages\\uipath.omnipage.bundle/1.0.1\\lib/net452/Mor4.dll",
        "C:\\Users\\m1043031\\.nuget\\packages\\uipath.omnipage.bundle/1.0.1\\lib/net452/Mor5.dll",
        "C:\\Users\\m1043031\\.nuget\\packages\\uipath.omnipage.bundle/1.0.1\\lib/net452/Mor6.dll",
        "C:\\Users\\m1043031\\.nuget\\packages\\uipath.omnipage.bundle/1.0.1\\lib/net452/MorIF.dll",
        "C:\\Users\\m1043031\\.nuget\\packages\\uipath.omnipage.bundle/1.0.1\\lib/net452/Nuance.OmniPage.CSDK.ArgTypes.dll",
        "C:\\Users\\m1043031\\.nuget\\packages\\uipath.omnipage.bundle/1.0.1\\lib/net452/Nuance.OmniPage.CSDK.CAPI.dll",
        "C:\\Users\\m1043031\\.nuget\\packages\\uipath.omnipage.bundle/1.0.1\\lib/net452/Nuance.OmniPage.CSDK.Objects.dll",
        "C:\\Users\\m1043031\\.nuget\\packages\\uipath.omnipage.bundle/1.0.1\\lib/net452/PreRendering.dll",
        "C:\\Users\\m1043031\\.nuget\\packages\\uipath.omnipage.bundle/1.0.1\\lib/net452/RecAPIPlus.dll",
        "C:\\Users\\m1043031\\.nuget\\packages\\uipath.omnipage.bundle/1.0.1\\lib/net452/RecDiag.dll",
        "C:\\Users\\m1043031\\.nuget\\packages\\uipath.omnipage.bundle/1.0.1\\lib/net452/RecPDFNet.dll",
        "C:\\Users\\m1043031\\.nuget\\packages\\uipath.omnipage.bundle/1.0.1\\lib/net452/Rendering.dll",
        "C:\\Users\\m1043031\\.nuget\\packages\\uipath.omnipage.bundle/1.0.1\\lib/net452/Rendering2.dll",
        "C:\\Users\\m1043031\\.nuget\\packages\\uipath.omnipage.bundle/1.0.1\\lib/net452/SPDFLib.dll",
        "C:\\Users\\m1043031\\.nuget\\packages\\uipath.omnipage.bundle/1.0.1\\lib/net452/SkinnedClasses.dll",
        "C:\\Users\\m1043031\\.nuget\\packages\\uipath.omnipage.bundle/1.0.1\\lib/net452/SkinnedWindows.dll",
        "C:\\Users\\m1043031\\.nuget\\packages\\uipath.omnipage.bundle/1.0.1\\lib/net452/UiPath.OmniPage.Bundle.dll",
        "C:\\Users\\m1043031\\.nuget\\packages\\uipath.omnipage.bundle/1.0.1\\lib/net452/atm2lll.dll",
        "C:\\Users\\m1043031\\.nuget\\packages\\uipath.omnipage.bundle/1.0.1\\lib/net452/jp2k_kdu_apps_vnew.dll",
        "C:\\Users\\m1043031\\.nuget\\packages\\uipath.omnipage.bundle/1.0.1\\lib/net452/kdu_vnewR.dll",
        "C:\\Users\\m1043031\\.nuget\\packages\\uipath.omnipage.bundle/1.0.1\\lib/net452/msvcp140.dll",
        "C:\\Users\\m1043031\\.nuget\\packages\\uipath.omnipage.bundle/1.0.1\\lib/net452/pccext.dll",
        "C:\\Users\\m1043031\\.nuget\\packages\\uipath.omnipage.bundle/1.0.1\\lib/net452/pccext2.dll",
        "C:\\Users\\m1043031\\.nuget\\packages\\uipath.omnipage.bundle/1.0.1\\lib/net452/pccext3.dll",
        "C:\\Users\\m1043031\\.nuget\\packages\\uipath.omnipage.bundle/1.0.1\\lib/net452/pccext4.dll",
        "C:\\Users\\m1043031\\.nuget\\packages\\uipath.omnipage.bundle/1.0.1\\lib/net452/pccext5.dll",
        "C:\\Users\\m1043031\\.nuget\\packages\\uipath.omnipage.bundle/1.0.1\\lib/net452/pccext6.dll",
        "C:\\Users\\m1043031\\.nuget\\packages\\uipath.omnipage.bundle/1.0.1\\lib/net452/rndsdawg.dll",
        "C:\\Users\\m1043031\\.nuget\\packages\\uipath.omnipage.bundle/1.0.1\\lib/net452/rndsinso.dll",
        "C:\\Users\\m1043031\\.nuget\\packages\\uipath.omnipage.bundle/1.0.1\\lib/net452/vcruntime140.dll",
        "C:\\Users\\m1043031\\.nuget\\packages\\uipath.omnipage.bundle/1.0.1\\lib/net452/xocr.dll",
        "C:\\Users\\m1043031\\.nuget\\packages\\uipath.omnipage.bundle/1.0.1\\lib/net452/xocr2.dll",
        "C:\\Users\\m1043031\\.nuget\\packages\\uipath.omnipage.bundle/1.0.1\\lib/net452/xocr3.dll",
        "C:\\Users\\m1043031\\.nuget\\packages\\uipath.omnipage.bundle/1.0.1\\lib/net452/xocr4.dll",
        "C:\\Users\\m1043031\\.nuget\\packages\\uipath.omnipage.bundle/1.0.1\\lib/net452/xocr5.dll",
        "C:\\Users\\m1043031\\.nuget\\packages\\uipath.omnipage.bundle/1.0.1\\lib/net452/xocr6.dll"
      ]
    },
    {
      "Package": {
        "Id": "UiPath.PDF.Activities",
        "Version": "3.0.0"
      },
      "Assemblies": [
        "C:\\Users\\m1043031\\.nuget\\packages\\bitmiracle.docotic.pdf/5.9.9640\\lib/net40/BitMiracle.Docotic.Pdf.dll",
        "C:\\Users\\m1043031\\.nuget\\packages\\system.valuetuple/4.5.0\\lib/net461/System.ValueTuple.dll",
        "C:\\Users\\m1043031\\.nuget\\packages\\uipath.ocr.contracts/2.1.0\\lib/net45/UiPath.OCR.Contracts.dll",
        "C:\\Users\\m1043031\\.nuget\\packages\\uipath.pdf.activities/3.0.0\\lib/net461/UiPath.PDF.Activities.Design.dll",
        "C:\\Users\\m1043031\\.nuget\\packages\\uipath.pdf.activities/3.0.0\\lib/net461/UiPath.PDF.Activities.dll",
        "C:\\Users\\m1043031\\.nuget\\packages\\uipath.pdf.activities/3.0.0\\lib/net461/UiPath.PDF.dll"
      ]
    },
    {
      "Package": {
        "Id": "UiPath.Python.Activities",
        "Version": "1.1.6863.33404"
      },
      "Assemblies": [
        "C:\\Users\\m1043031\\.nuget\\packages\\uipath.python.activities/1.1.6863.33404\\lib/net452/UiPath.Python.Activities.Design.dll",
        "C:\\Users\\m1043031\\.nuget\\packages\\uipath.python.activities/1.1.6863.33404\\lib/net452/UiPath.Python.Activities.dll",
        "C:\\Users\\m1043031\\.nuget\\packages\\uipath.python.activities/1.1.6863.33404\\lib/net452/UiPath.Python.dll",
        "C:\\Users\\m1043031\\.nuget\\packages\\uipath.python.activities/1.1.6863.33404\\lib/net452/x64/Python.Runtime.35.dll",
        "C:\\Users\\m1043031\\.nuget\\packages\\uipath.python.activities/1.1.6863.33404\\lib/net452/x64/Python.Runtime.36.dll",
        "C:\\Users\\m1043031\\.nuget\\packages\\uipath.python.activities/1.1.6863.33404\\lib/net452/x86/Python.Runtime.27.dll",
        "C:\\Users\\m1043031\\.nuget\\packages\\uipath.python.activities/1.1.6863.33404\\lib/net452/x86/Python.Runtime.33.dll",
        "C:\\Users\\m1043031\\.nuget\\packages\\uipath.python.activities/1.1.6863.33404\\lib/net452/x86/Python.Runtime.34.dll",
        "C:\\Users\\m1043031\\.nuget\\packages\\uipath.python.activities/1.1.6863.33404\\lib/net452/x86/Python.Runtime.35.dll",
        "C:\\Users\\m1043031\\.nuget\\packages\\uipath.python.activities/1.1.6863.33404\\lib/net452/x86/Python.Runtime.36.dll"
      ]
    },
    {
      "Package": {
        "Id": "UiPath.Script.Activities",
        "Version": "1.0.6710.16240"
      },
      "Assemblies": [
        "C:\\Users\\m1043031\\.nuget\\packages\\system.management.automation/6.1.7601.17515\\lib/net45/System.Management.Automation.dll",
        "C:\\Users\\m1043031\\.nuget\\packages\\uipath.script.activities/1.0.6710.16240\\lib/net45/AutoHotkey.Interop.dll",
        "C:\\Users\\m1043031\\.nuget\\packages\\uipath.script.activities/1.0.6710.16240\\lib/net45/UiPath.Script.Activities.Design.dll",
        "C:\\Users\\m1043031\\.nuget\\packages\\uipath.script.activities/1.0.6710.16240\\lib/net45/UiPath.Script.Activities.dll",
        "C:\\Users\\m1043031\\.nuget\\packages\\uipath.script.activities/1.0.6710.16240\\lib/net45/UiPath.Script.dll"
      ]
    },
    {
      "Package": {
        "Id": "UiPath.System.Activities",
        "Version": "19.8.0"
      },
      "Assemblies": [
        "C:\\Users\\m1043031\\.nuget\\packages\\csvhelper/2.13.5\\lib/net40-client/CsvHelper.dll",
        "C:\\Users\\m1043031\\.nuget\\packages\\microsoft.aspnet.signalr.client/2.4.0\\lib/net45/Microsoft.AspNet.SignalR.Client.dll",
        "C:\\Users\\m1043031\\.nuget\\packages\\microsoft.extensions.filesystemglobbing/2.2.0\\lib/netstandard2.0/Microsoft.Extensions.FileSystemGlobbing.dll",
        "C:\\Users\\m1043031\\.nuget\\packages\\microsoft.rest.clientruntime/2.3.20\\lib/net461/Microsoft.Rest.ClientRuntime.dll",
        "C:\\Users\\m1043031\\.nuget\\packages\\newtonsoft.json/11.0.2\\lib/net45/Newtonsoft.Json.dll",
        "C:\\Users\\m1043031\\.nuget\\packages\\uipath.system.activities/19.8.0\\lib/net461/ActiproSoftware.Docking.Wpf.dll",
        "C:\\Users\\m1043031\\.nuget\\packages\\uipath.system.activities/19.8.0\\lib/net461/ActiproSoftware.Ribbon.Wpf.dll",
        "C:\\Users\\m1043031\\.nuget\\packages\\uipath.system.activities/19.8.0\\lib/net461/ActiproSoftware.Shared.Wpf.dll",
        "C:\\Users\\m1043031\\.nuget\\packages\\uipath.system.activities/19.8.0\\lib/net461/ActiproSoftware.SyntaxEditor.Addons.DotNet.Wpf.dll",
        "C:\\Users\\m1043031\\.nuget\\packages\\uipath.system.activities/19.8.0\\lib/net461/ActiproSoftware.SyntaxEditor.Wpf.dll",
        "C:\\Users\\m1043031\\.nuget\\packages\\uipath.system.activities/19.8.0\\lib/net461/ActiproSoftware.Text.Addons.DotNet.Wpf.dll",
        "C:\\Users\\m1043031\\.nuget\\packages\\uipath.system.activities/19.8.0\\lib/net461/ActiproSoftware.Text.LLParser.Wpf.dll",
        "C:\\Users\\m1043031\\.nuget\\packages\\uipath.system.activities/19.8.0\\lib/net461/ActiproSoftware.Text.Wpf.dll",
        "C:\\Users\\m1043031\\.nuget\\packages\\uipath.system.activities/19.8.0\\lib/net461/ActiproSoftware.Wizard.Wpf.dll",
        "C:\\Users\\m1043031\\.nuget\\packages\\uipath.system.activities/19.8.0\\lib/net461/UiPath.OrchestratorClient.dll",
        "C:\\Users\\m1043031\\.nuget\\packages\\uipath.system.activities/19.8.0\\lib/net461/UiPath.System.Activities.Design.dll",
        "C:\\Users\\m1043031\\.nuget\\packages\\uipath.system.activities/19.8.0\\lib/net461/UiPath.System.Activities.dll"
      ]
    },
    {
      "Package": {
        "Id": "UiPath.Terminal.Activities",
        "Version": "1.3.3"
      },
      "Assemblies": [
        "C:\\Users\\m1043031\\.nuget\\packages\\fluent.ribbon/3.5.1.198\\lib/net45/Fluent.dll",
        "C:\\Users\\m1043031\\.nuget\\packages\\fluent.ribbon/3.5.1.198\\lib/net45/System.Windows.Interactivity.dll",
        "C:\\Users\\m1043031\\.nuget\\packages\\uipath.terminal.activities/1.3.3\\lib/net452/NLog.dll",
        "C:\\Users\\m1043031\\.nuget\\packages\\uipath.terminal.activities/1.3.3\\lib/net452/Open3270.dll",
        "C:\\Users\\m1043031\\.nuget\\packages\\uipath.terminal.activities/1.3.3\\lib/net452/UiPath.Terminal.Activities.Design.dll",
        "C:\\Users\\m1043031\\.nuget\\packages\\uipath.terminal.activities/1.3.3\\lib/net452/UiPath.Terminal.Activities.dll",
        "C:\\Users\\m1043031\\.nuget\\packages\\uipath.terminal.activities/1.3.3\\lib/net452/UiPath.Terminal.Attachmate.dll",
        "C:\\Users\\m1043031\\.nuget\\packages\\uipath.terminal.activities/1.3.3\\lib/net452/UiPath.Terminal.AttachmateExtra.dll",
        "C:\\Users\\m1043031\\.nuget\\packages\\uipath.terminal.activities/1.3.3\\lib/net452/UiPath.Terminal.BlueZone.dll",
        "C:\\Users\\m1043031\\.nuget\\packages\\uipath.terminal.activities/1.3.3\\lib/net452/UiPath.Terminal.IBM.dll",
        "C:\\Users\\m1043031\\.nuget\\packages\\uipath.terminal.activities/1.3.3\\lib/net452/UiPath.Terminal.dll"
      ]
    },
    {
      "Package": {
        "Id": "UiPath.WebAPI.Activities",
        "Version": "1.4.3"
      },
      "Assemblies": [
        "C:\\Users\\m1043031\\.nuget\\packages\\avalonedit/5.0.3\\lib/Net40/ICSharpCode.AvalonEdit.dll",
        "C:\\Users\\m1043031\\.nuget\\packages\\newtonsoft.json/11.0.2\\lib/net45/Newtonsoft.Json.dll",
        "C:\\Users\\m1043031\\.nuget\\packages\\restsharp/106.3.1\\lib/net452/RestSharp.dll",
        "C:\\Users\\m1043031\\.nuget\\packages\\uipath.webapi.activities/1.4.3\\lib/net452/UiPath.Web.Activities.Design.dll",
        "C:\\Users\\m1043031\\.nuget\\packages\\uipath.webapi.activities/1.4.3\\lib/net452/UiPath.Web.Activities.dll",
        "C:\\Users\\m1043031\\.nuget\\packages\\uipath.webapi.activities/1.4.3\\lib/net452/UiPath.Web.dll"
      ]
    },
    {
      "Package": {
        "Id": "UiPath.Word.Activities",
        "Version": "1.3.3"
      },
      "Assemblies": [
        "C:\\Users\\m1043031\\.nuget\\packages\\docx/1.0.0.18\\lib/net40/DocX.dll",
        "C:\\Users\\m1043031\\.nuget\\packages\\uipath.word.activities/1.3.3\\lib/net452/UiPath.Word.Activities.Design.dll",
        "C:\\Users\\m1043031\\.nuget\\packages\\uipath.word.activities/1.3.3\\lib/net452/UiPath.Word.Activities.dll",
        "C:\\Users\\m1043031\\.nuget\\packages\\uipath.word.activities/1.3.3\\lib/net452/UiPath.Word.dll"
      ]
    },
    {
      "Package": {
        "Id": "UiPathTeam.ExtractDataTablesFromHTML.Activities",
        "Version": "1.0.3"
      },
      "Assemblies": [
        "C:\\Users\\m1043031\\.nuget\\packages\\htmlagilitypack/1.8.7\\lib/Net45/HtmlAgilityPack.dll",
        "C:\\Users\\m1043031\\.nuget\\packages\\uipathteam.extractdatatablesfromhtml.activities/1.0.3\\lib/net46/UiPathTeam.ExtractDataTablesFromHTML.Activities.dll"
      ]
    },
    {
      "Package": {
        "Id": "UiPathTeam.File.Activities",
        "Version": "1.0.4"
      },
      "Assemblies": [
        "C:\\Users\\m1043031\\.nuget\\packages\\uipathteam.file.activities/1.0.4\\lib/net452/UiPathTeam.File.Activities.Design.dll",
        "C:\\Users\\m1043031\\.nuget\\packages\\uipathteam.file.activities/1.0.4\\lib/net452/UiPathTeam.File.Activities.dll"
      ]
    },
    {
      "Package": {
        "Id": "UiPathTeam.FileConverter.Activities",
        "Version": "0.0.6814.35837"
      },
      "Assemblies": [
        "C:\\Users\\m1043031\\.nuget\\packages\\microsoft.office.interop.excel/15.0.4795.1000\\lib/net20/Microsoft.Office.Interop.Excel.dll",
        "C:\\Users\\m1043031\\.nuget\\packages\\microsoft.office.interop.word/15.0.4797.1003\\lib/net20/Microsoft.Office.Interop.Word.dll",
        "C:\\Users\\m1043031\\.nuget\\packages\\uipathteam.fileconverter.activities/0.0.6814.35837\\lib/net452/UiPathTeam.FileConverter.Activities.Design.dll",
        "C:\\Users\\m1043031\\.nuget\\packages\\uipathteam.fileconverter.activities/0.0.6814.35837\\lib/net452/UiPathTeam.FileConverter.Activities.dll",
        "C:\\Users\\m1043031\\.nuget\\packages\\uipathteam.fileconverter.activities/0.0.6814.35837\\lib/net452/UiPathTeam.FileConverter.dll"
      ]
    },
    {
      "Package": {
        "Id": "UiPathTeam.HTMLActivities",
        "Version": "2.0.0"
      },
      "Assemblies": [
        "C:\\Users\\m1043031\\.nuget\\packages\\uipathteam.htmlactivities/2.0.0\\lib/HTMLDisplayActivity.dll"
      ]
    },
    {
      "Package": {
        "Id": "UiPathTeam.RunWithTimeout.Activities",
        "Version": "1.0.7"
      },
      "Assemblies": [
        "C:\\Users\\m1043031\\.nuget\\packages\\uipathteam.runwithtimeout.activities/1.0.7\\lib/net452/UiPathTeam.RunWithTimeout.Activities.dll"
      ]
    },
    {
      "Package": {
        "Id": "UiPathTeam.XPathWebScrape.Activities",
        "Version": "1.0.1"
      },
      "Assemblies": [
        "C:\\Users\\m1043031\\.nuget\\packages\\htmlagilitypack/1.8.7\\lib/Net45/HtmlAgilityPack.dll",
        "C:\\Users\\m1043031\\.nuget\\packages\\uipathteam.xpathwebscrape.activities/1.0.1\\lib/XPathWebScrape.dll"
      ]
    },
    {
      "Package": {
        "Id": "AutoClosingMessageBox",
        "Version": "1.0.0.2"
      },
      "Assemblies": [
        "C:\\Users\\m1043031\\.nuget\\packages\\autoclosingmessagebox/1.0.0.2\\lib/net40/AutoClosingMessageBox.dll"
      ]
    },
    {
      "Package": {
        "Id": "Async_MessageBox",
        "Version": "1.0.0"
      },
      "Assemblies": [
        "C:\\Users\\m1043031\\.nuget\\packages\\async_messagebox/1.0.0\\lib/Async_MessageBox.dll"
      ]
    }
  ],
  "Conflicts": [],
  "ResolvedDependencies": {
    "AForge": {
      "Id": "AForge",
      "Version": "2.2.5",
      "Dependencies": []
    },
    "AForge.Genetic": {
      "Id": "AForge.Genetic",
      "Version": "2.2.5",
      "Dependencies": [
        {
          "Item1": "AForge",
          "Item2": "[2.2.5, )"
        },
        {
          "Item1": "AForge.Math",
          "Item2": "[2.2.5, )"
        }
      ]
    },
    "AForge.Imaging": {
      "Id": "AForge.Imaging",
      "Version": "2.2.5",
      "Dependencies": [
        {
          "Item1": "AForge",
          "Item2": "[2.2.5, )"
        },
        {
          "Item1": "AForge.Math",
          "Item2": "[2.2.5, )"
        }
      ]
    },
    "AForge.Math": {
      "Id": "AForge.Math",
      "Version": "2.2.5",
      "Dependencies": [
        {
          "Item1": "AForge",
          "Item2": "[2.2.5, )"
        }
      ]
    },
    "AForge.Neuro": {
      "Id": "AForge.Neuro",
      "Version": "2.2.5",
      "Dependencies": [
        {
          "Item1": "AForge",
          "Item2": "[2.2.5, )"
        },
        {
          "Item1": "AForge.Math",
          "Item2": "[2.2.5, )"
        },
        {
          "Item1": "AForge.Genetic",
          "Item2": "[2.2.5, )"
        }
      ]
    },
    "Async_MessageBox": {
      "Id": "Async_MessageBox",
      "Version": "1.0.0",
      "Dependencies": []
    },
    "AutoClosingMessageBox": {
      "Id": "AutoClosingMessageBox",
      "Version": "1.0.0.2",
      "Dependencies": []
    },
    "AvalonEdit": {
      "Id": "AvalonEdit",
      "Version": "5.0.3",
      "Dependencies": []
    },
    "BitMiracle.Docotic.Pdf": {
      "Id": "BitMiracle.Docotic.Pdf",
      "Version": "5.9.9640",
      "Dependencies": []
    },
    "CredentialManagement": {
      "Id": "CredentialManagement",
      "Version": "1.0.2",
      "Dependencies": []
    },
    "CsvHelper": {
      "Id": "CsvHelper",
      "Version": "2.13.5",
      "Dependencies": []
    },
    "CustomInputHTMLPageGenerator.Activities": {
      "Id": "CustomInputHTMLPageGenerator.Activities",
      "Version": "1.0.2",
      "Dependencies": []
    },
    "DocumentFormat.OpenXml": {
      "Id": "DocumentFormat.OpenXml",
      "Version": "2.5.0",
      "Dependencies": []
    },
    "DocX": {
      "Id": "DocX",
      "Version": "1.0.0.18",
      "Dependencies": []
    },
    "Extended.Wpf.Toolkit": {
      "Id": "Extended.Wpf.Toolkit",
      "Version": "2.8.0",
      "Dependencies": []
    },
    "Fluent.Ribbon": {
      "Id": "Fluent.Ribbon",
      "Version": "3.5.1.198",
      "Dependencies": []
    },
    "FSharp.Core": {
      "Id": "FSharp.Core",
      "Version": "4.0.0.1",
      "Dependencies": []
    },
    "GetFileName.Activities": {
      "Id": "GetFileName.Activities",
      "Version": "1.0.0",
      "Dependencies": []
    },
    "GetFilesFromFolderActivities": {
      "Id": "GetFilesFromFolderActivities",
      "Version": "1.0.3",
      "Dependencies": []
    },
    "Google.Api.CommonProtos": {
      "Id": "Google.Api.CommonProtos",
      "Version": "1.2.0",
      "Dependencies": [
        {
          "Item1": "Google.Protobuf",
          "Item2": "[3.5.1, )"
        }
      ]
    },
    "Google.Api.Gax": {
      "Id": "Google.Api.Gax",
      "Version": "2.4.0",
      "Dependencies": [
        {
          "Item1": "Newtonsoft.Json",
          "Item2": "[10.0.2, )"
        },
        {
          "Item1": "System.Interactive.Async",
          "Item2": "[3.1.1, )"
        },
        {
          "Item1": "System.Net.Http",
          "Item2": "[4.1.1, )"
        }
      ]
    },
    "Google.Api.Gax.Grpc": {
      "Id": "Google.Api.Gax.Grpc",
      "Version": "2.4.0",
      "Dependencies": [
        {
          "Item1": "Google.Api.CommonProtos",
          "Item2": "[1.2.0, )"
        },
        {
          "Item1": "Google.Api.Gax",
          "Item2": "[2.4.0, )"
        },
        {
          "Item1": "Google.Apis.Auth",
          "Item2": "[1.34.0, )"
        },
        {
          "Item1": "Grpc.Auth",
          "Item2": "[1.12.0, )"
        },
        {
          "Item1": "Grpc.Core",
          "Item2": "[1.12.0, )"
        }
      ]
    },
    "Google.Api.Gax.Rest": {
      "Id": "Google.Api.Gax.Rest",
      "Version": "2.3.0",
      "Dependencies": [
        {
          "Item1": "Google.Api.Gax",
          "Item2": "[2.3.0, )"
        },
        {
          "Item1": "Google.Apis.Auth",
          "Item2": "[1.32.2, )"
        }
      ]
    },
    "Google.Apis": {
      "Id": "Google.Apis",
      "Version": "1.38.0",
      "Dependencies": [
        {
          "Item1": "Google.Apis.Core",
          "Item2": "[1.38.0, )"
        },
        {
          "Item1": "Newtonsoft.Json",
          "Item2": "[10.0.2, )"
        }
      ]
    },
    "Google.Apis.Auth": {
      "Id": "Google.Apis.Auth",
      "Version": "1.38.0",
      "Dependencies": [
        {
          "Item1": "Google.Apis.Core",
          "Item2": "[1.38.0, )"
        },
        {
          "Item1": "Google.Apis",
          "Item2": "[1.38.0, )"
        }
      ]
    },
    "Google.Apis.Core": {
      "Id": "Google.Apis.Core",
      "Version": "1.38.0",
      "Dependencies": [
        {
          "Item1": "Newtonsoft.Json",
          "Item2": "[10.0.2, )"
        }
      ]
    },
    "Google.Apis.Speech.v1beta1": {
      "Id": "Google.Apis.Speech.v1beta1",
      "Version": "1.34.0.1246",
      "Dependencies": [
        {
          "Item1": "Google.Apis",
          "Item2": "[1.34.0, )"
        },
        {
          "Item1": "Google.Apis.Auth",
          "Item2": "[1.34.0, )"
        }
      ]
    },
    "Google.Apis.Vision.v1": {
      "Id": "Google.Apis.Vision.v1",
      "Version": "1.38.0.1495",
      "Dependencies": [
        {
          "Item1": "Google.Apis",
          "Item2": "[1.38.0, )"
        },
        {
          "Item1": "Google.Apis.Auth",
          "Item2": "[1.38.0, )"
        }
      ]
    },
    "Google.Cloud.Speech.V1": {
      "Id": "Google.Cloud.Speech.V1",
      "Version": "1.0.1",
      "Dependencies": [
        {
          "Item1": "Google.Api.Gax.Grpc",
          "Item2": "[2.1.0, )"
        },
        {
          "Item1": "Google.LongRunning",
          "Item2": "[1.0.0, )"
        },
        {
          "Item1": "Grpc.Core",
          "Item2": "[1.6.1, )"
        }
      ]
    },
    "Google.LongRunning": {
      "Id": "Google.LongRunning",
      "Version": "1.0.0",
      "Dependencies": [
        {
          "Item1": "Google.Api.Gax.Grpc",
          "Item2": "[2.1.0, )"
        },
        {
          "Item1": "Google.Protobuf",
          "Item2": "[3.4.1, )"
        },
        {
          "Item1": "Grpc.Core",
          "Item2": "[1.6.1, )"
        }
      ]
    },
    "Google.Protobuf": {
      "Id": "Google.Protobuf",
      "Version": "3.5.1",
      "Dependencies": []
    },
    "Grpc.Auth": {
      "Id": "Grpc.Auth",
      "Version": "1.12.0",
      "Dependencies": [
        {
          "Item1": "Grpc.Core",
          "Item2": "[1.12.0, )"
        },
        {
          "Item1": "Google.Apis.Auth",
          "Item2": "[1.21.0, )"
        }
      ]
    },
    "Grpc.Core": {
      "Id": "Grpc.Core",
      "Version": "1.12.0",
      "Dependencies": [
        {
          "Item1": "System.Interactive.Async",
          "Item2": "[3.1.1, )"
        }
      ]
    },
    "HtmlAgilityPack": {
      "Id": "HtmlAgilityPack",
      "Version": "1.8.7",
      "Dependencies": []
    },
    "Humanizer.Core": {
      "Id": "Humanizer.Core",
      "Version": "2.4.2",
      "Dependencies": []
    },
    "IvanAkcheurov.NTextCat.Lib": {
      "Id": "IvanAkcheurov.NTextCat.Lib",
      "Version": "0.2.1.1",
      "Dependencies": []
    },
    "JH.Google.Cloud.TextToSpeech.V1": {
      "Id": "JH.Google.Cloud.TextToSpeech.V1",
      "Version": "1.0.2",
      "Dependencies": [
        {
          "Item1": "Google.Apis",
          "Item2": "[1.33.0, )"
        },
        {
          "Item1": "Google.Api.Gax",
          "Item2": "[2.3.0, )"
        },
        {
          "Item1": "Google.Api.Gax.Rest",
          "Item2": "[2.3.0, )"
        }
      ]
    },
    "MathNet.Numerics": {
      "Id": "MathNet.Numerics",
      "Version": "4.5.1",
      "Dependencies": []
    },
    "Metrics.NET": {
      "Id": "Metrics.NET",
      "Version": "0.5.5",
      "Dependencies": []
    },
    "Microsoft.ApplicationInsights.JavaScript": {
      "Id": "Microsoft.ApplicationInsights.JavaScript",
      "Version": "1.0.20-build00666",
      "Dependencies": []
    },
    "Microsoft.AspNet.SignalR.Client": {
      "Id": "Microsoft.AspNet.SignalR.Client",
      "Version": "2.4.0",
      "Dependencies": [
        {
          "Item1": "Newtonsoft.Json",
          "Item2": "[6.0.4, )"
        }
      ]
    },
    "Microsoft.Azure.CognitiveServices.Vision.ComputerVision": {
      "Id": "Microsoft.Azure.CognitiveServices.Vision.ComputerVision",
      "Version": "5.0.0",
      "Dependencies": [
        {
          "Item1": "Microsoft.Rest.ClientRuntime",
          "Item2": "[2.3.18, 3.0.0)"
        },
        {
          "Item1": "Microsoft.Rest.ClientRuntime.Azure",
          "Item2": "[3.3.18, 4.0.0)"
        },
        {
          "Item1": "Newtonsoft.Json",
          "Item2": "[6.0.8, )"
        }
      ]
    },
    "Microsoft.Extensions.FileSystemGlobbing": {
      "Id": "Microsoft.Extensions.FileSystemGlobbing",
      "Version": "2.2.0",
      "Dependencies": []
    },
    "Microsoft.Office.Interop.Excel": {
      "Id": "Microsoft.Office.Interop.Excel",
      "Version": "15.0.4795.1000",
      "Dependencies": []
    },
    "Microsoft.Office.Interop.Word": {
      "Id": "Microsoft.Office.Interop.Word",
      "Version": "15.0.4797.1003",
      "Dependencies": []
    },
    "Microsoft.PowerBI.JavaScript": {
      "Id": "Microsoft.PowerBI.JavaScript",
      "Version": "2.8.0",
      "Dependencies": []
    },
    "Microsoft.Rest.ClientRuntime": {
      "Id": "Microsoft.Rest.ClientRuntime",
      "Version": "2.3.20",
      "Dependencies": [
        {
          "Item1": "Newtonsoft.Json",
          "Item2": "[10.0.3, )"
        }
      ]
    },
    "Microsoft.Rest.ClientRuntime.Azure": {
      "Id": "Microsoft.Rest.ClientRuntime.Azure",
      "Version": "3.3.19",
      "Dependencies": [
        {
          "Item1": "Microsoft.Rest.ClientRuntime",
          "Item2": "[2.3.19, 3.0.0)"
        },
        {
          "Item1": "Newtonsoft.Json",
          "Item2": "[10.0.3, )"
        }
      ]
    },
    "Microsoft.Xaml.Behaviors.Wpf": {
      "Id": "Microsoft.Xaml.Behaviors.Wpf",
      "Version": "1.0.1",
      "Dependencies": []
    },
    "NAudio": {
      "Id": "NAudio",
      "Version": "1.8.4",
      "Dependencies": []
    },
    "Newtonsoft.Json": {
      "Id": "Newtonsoft.Json",
      "Version": "11.0.2",
      "Dependencies": []
    },
    "Numsense": {
      "Id": "Numsense",
      "Version": "0.12.0",
      "Dependencies": [
        {
          "Item1": "FSharp.Core",
          "Item2": "[4.0.0.1, )"
        }
      ]
    },
    "RestSharp": {
      "Id": "RestSharp",
      "Version": "106.3.1",
      "Dependencies": []
    },
    "Speech": {
      "Id": "Speech",
      "Version": "1.0.7",
      "Dependencies": []
    },
    "SSH.NET": {
      "Id": "SSH.NET",
      "Version": "2013.4.7",
      "Dependencies": []
    },
    "System.Collections.Immutable": {
      "Id": "System.Collections.Immutable",
      "Version": "1.5.0",
      "Dependencies": []
    },
    "System.Interactive.Async": {
      "Id": "System.Interactive.Async",
      "Version": "3.2.0",
      "Dependencies": []
    },
    "System.Management.Automation": {
      "Id": "System.Management.Automation",
      "Version": "6.1.7601.17515",
      "Dependencies": []
    },
    "System.Net.FtpClient": {
      "Id": "System.Net.FtpClient",
      "Version": "1.0.5281.14359",
      "Dependencies": []
    },
    "System.Net.Http": {
      "Id": "System.Net.Http",
      "Version": "4.3.1",
      "Dependencies": [
        {
          "Item1": "System.Security.Cryptography.X509Certificates",
          "Item2": "[4.3.0, )"
        }
      ]
    },
    "System.Runtime.InteropServices.RuntimeInformation": {
      "Id": "System.Runtime.InteropServices.RuntimeInformation",
      "Version": "4.3.0",
      "Dependencies": []
    },
    "System.Security.Cryptography.Algorithms": {
      "Id": "System.Security.Cryptography.Algorithms",
      "Version": "4.3.0",
      "Dependencies": [
        {
          "Item1": "System.Security.Cryptography.Primitives",
          "Item2": "[4.3.0, )"
        }
      ]
    },
    "System.Security.Cryptography.Encoding": {
      "Id": "System.Security.Cryptography.Encoding",
      "Version": "4.3.0",
      "Dependencies": []
    },
    "System.Security.Cryptography.Primitives": {
      "Id": "System.Security.Cryptography.Primitives",
      "Version": "4.3.0",
      "Dependencies": []
    },
    "System.Security.Cryptography.X509Certificates": {
      "Id": "System.Security.Cryptography.X509Certificates",
      "Version": "4.3.0",
      "Dependencies": [
        {
          "Item1": "System.Security.Cryptography.Algorithms",
          "Item2": "[4.3.0, )"
        },
        {
          "Item1": "System.Security.Cryptography.Encoding",
          "Item2": "[4.3.0, )"
        }
      ]
    },
    "System.ValueTuple": {
      "Id": "System.ValueTuple",
      "Version": "4.5.0",
      "Dependencies": []
    },
    "UiPath": {
      "Id": "UiPath",
      "Version": "19.8.7173.31251-ce",
      "Dependencies": []
    },
    "UiPath.ActiveDirectoryDomainServices.Activities": {
      "Id": "UiPath.ActiveDirectoryDomainServices.Activities",
      "Version": "1.0.0",
      "Dependencies": [
        {
          "Item1": "System.ValueTuple",
          "Item2": "[4.5.0, )"
        }
      ]
    },
    "UiPath.CefSharpBundle": {
      "Id": "UiPath.CefSharpBundle",
      "Version": "1.1.0",
      "Dependencies": []
    },
    "UiPath.Cognitive.Activities": {
      "Id": "UiPath.Cognitive.Activities",
      "Version": "2.2.3",
      "Dependencies": [
        {
          "Item1": "Newtonsoft.Json",
          "Item2": "[11.0.2, )"
        }
      ]
    },
    "UiPath.ComputerVision.Activities": {
      "Id": "UiPath.ComputerVision.Activities",
      "Version": "2.1.0",
      "Dependencies": [
        {
          "Item1": "UiPath.UIAutomation.Activities",
          "Item2": "[19.8.0-ce, )"
        },
        {
          "Item1": "UiPath.Vision",
          "Item2": "[1.7.0, )"
        },
        {
          "Item1": "UiPath.OCR.Contracts",
          "Item2": "[2.1.0, )"
        },
        {
          "Item1": "Newtonsoft.Json",
          "Item2": "[11.0.2, )"
        }
      ]
    },
    "UiPath.Credentials.Activities": {
      "Id": "UiPath.Credentials.Activities",
      "Version": "1.1.6479.13204",
      "Dependencies": [
        {
          "Item1": "CredentialManagement",
          "Item2": "[1.0.2, )"
        }
      ]
    },
    "UiPath.Cryptography.Activities": {
      "Id": "UiPath.Cryptography.Activities",
      "Version": "1.0.6863.32236",
      "Dependencies": []
    },
    "UiPath.Database.Activities": {
      "Id": "UiPath.Database.Activities",
      "Version": "1.2.6863.32528",
      "Dependencies": []
    },
    "UiPath.DocumentProcessing.Contracts": {
      "Id": "UiPath.DocumentProcessing.Contracts",
      "Version": "1.2.0",
      "Dependencies": [
        {
          "Item1": "Newtonsoft.Json",
          "Item2": "[11.0.2, )"
        }
      ]
    },
    "UiPath.ExchangeServer.Activities": {
      "Id": "UiPath.ExchangeServer.Activities",
      "Version": "1.0.0",
      "Dependencies": []
    },
    "UiPath.FTP.Activities": {
      "Id": "UiPath.FTP.Activities",
      "Version": "1.0.6479.13206",
      "Dependencies": [
        {
          "Item1": "SSH.NET",
          "Item2": "[2013.4.7, )"
        },
        {
          "Item1": "System.Net.FtpClient",
          "Item2": "[1.0.5281.14359, )"
        }
      ]
    },
    "UiPath.GoogleSpeech.Activities": {
      "Id": "UiPath.GoogleSpeech.Activities",
      "Version": "0.1.6850.39757",
      "Dependencies": [
        {
          "Item1": "System.Interactive.Async",
          "Item2": "[3.2.0, )"
        },
        {
          "Item1": "Google.Api.Gax",
          "Item2": "[2.4.0, )"
        },
        {
          "Item1": "Google.Api.Gax.Grpc",
          "Item2": "[2.4.0, )"
        },
        {
          "Item1": "Google.Apis",
          "Item2": "[1.34.0, )"
        },
        {
          "Item1": "Google.Apis.Auth",
          "Item2": "[1.34.0, )"
        },
        {
          "Item1": "Google.Apis.Speech.v1beta1",
          "Item2": "[1.34.0.1246, )"
        },
        {
          "Item1": "Google.Cloud.Speech.V1",
          "Item2": "[1.0.1, )"
        },
        {
          "Item1": "Google.Protobuf",
          "Item2": "[3.5.1, )"
        },
        {
          "Item1": "Grpc.Core",
          "Item2": "[1.12.0, )"
        },
        {
          "Item1": "JH.Google.Cloud.TextToSpeech.V1",
          "Item2": "[1.0.2, )"
        },
        {
          "Item1": "NAudio",
          "Item2": "[1.8.4, )"
        },
        {
          "Item1": "System.Net.Http",
          "Item2": "[4.3.1, )"
        }
      ]
    },
    "UiPath.GoogleVision.Activities": {
      "Id": "UiPath.GoogleVision.Activities",
      "Version": "1.1.0",
      "Dependencies": [
        {
          "Item1": "Google.Apis",
          "Item2": "[1.38.0, )"
        },
        {
          "Item1": "Google.Apis.Auth",
          "Item2": "[1.38.0, )"
        },
        {
          "Item1": "Google.Apis.Vision.v1",
          "Item2": "[1.38.0.1495, )"
        },
        {
          "Item1": "Newtonsoft.Json",
          "Item2": "[10.0.3, )"
        }
      ]
    },
    "UiPath.IntelligentOCR.Activities": {
      "Id": "UiPath.IntelligentOCR.Activities",
      "Version": "3.0.0",
      "Dependencies": [
        {
          "Item1": "UiPath.Vision",
          "Item2": "[1.7.0, )"
        },
        {
          "Item1": "UiPath.OCR.Contracts",
          "Item2": "[2.1.0, )"
        },
        {
          "Item1": "Microsoft.Xaml.Behaviors.Wpf",
          "Item2": "[1.0.1, )"
        },
        {
          "Item1": "System.Collections.Immutable",
          "Item2": "[1.5.0, )"
        },
        {
          "Item1": "System.ValueTuple",
          "Item2": "[4.5.0, )"
        },
        {
          "Item1": "UiPath.DocumentProcessing.Contracts",
          "Item2": "[1.2.0, )"
        },
        {
          "Item1": "BitMiracle.Docotic.Pdf",
          "Item2": "[5.9.9640, )"
        },
        {
          "Item1": "Metrics.NET",
          "Item2": "[0.5.5, )"
        },
        {
          "Item1": "IvanAkcheurov.NTextCat.Lib",
          "Item2": "[0.2.1.1, )"
        },
        {
          "Item1": "AForge.Imaging",
          "Item2": "[2.2.5, )"
        },
        {
          "Item1": "AForge.Neuro",
          "Item2": "[2.2.5, )"
        },
        {
          "Item1": "CsvHelper",
          "Item2": "[2.13.5, )"
        },
        {
          "Item1": "MathNet.Numerics",
          "Item2": "[4.5.1, )"
        },
        {
          "Item1": "UiPath.CefSharpBundle",
          "Item2": "[1.1.0, )"
        },
        {
          "Item1": "Numsense",
          "Item2": "[0.12.0, )"
        },
        {
          "Item1": "System.Runtime.InteropServices.RuntimeInformation",
          "Item2": "[4.3.0, )"
        }
      ]
    },
    "UiPath.MicrosoftVision.Activities": {
      "Id": "UiPath.MicrosoftVision.Activities",
      "Version": "2.1.0",
      "Dependencies": [
        {
          "Item1": "Microsoft.Azure.CognitiveServices.Vision.ComputerVision",
          "Item2": "[5.0.0, )"
        },
        {
          "Item1": "Microsoft.Rest.ClientRuntime",
          "Item2": "[2.3.20, )"
        },
        {
          "Item1": "Microsoft.Rest.ClientRuntime.Azure",
          "Item2": "[3.3.19, )"
        },
        {
          "Item1": "Newtonsoft.Json",
          "Item2": "[10.0.3, )"
        }
      ]
    },
    "UiPath.OCR.Contracts": {
      "Id": "UiPath.OCR.Contracts",
      "Version": "2.1.0",
      "Dependencies": []
    },
    "UiPath.OmniPage.Activities": {
      "Id": "UiPath.OmniPage.Activities",
      "Version": "1.1.0",
      "Dependencies": [
        {
          "Item1": "UiPath.OCR.Contracts",
          "Item2": "[2.1.0, )"
        },
        {
          "Item1": "UiPath.OmniPage.Bundle",
          "Item2": "[1.0.1, )"
        }
      ]
    },
    "UiPath.OmniPage.Bundle": {
      "Id": "UiPath.OmniPage.Bundle",
      "Version": "1.0.1",
      "Dependencies": []
    },
    "UiPath.PDF.Activities": {
      "Id": "UiPath.PDF.Activities",
      "Version": "3.0.0",
      "Dependencies": [
        {
          "Item1": "UiPath.OCR.Contracts",
          "Item2": "[1.0.0, )"
        },
        {
          "Item1": "System.ValueTuple",
          "Item2": "[4.5.0, )"
        },
        {
          "Item1": "BitMiracle.Docotic.Pdf",
          "Item2": "[5.9.9640, )"
        }
      ]
    },
    "UiPath.Python.Activities": {
      "Id": "UiPath.Python.Activities",
      "Version": "1.1.6863.33404",
      "Dependencies": []
    },
    "UiPath.Script.Activities": {
      "Id": "UiPath.Script.Activities",
      "Version": "1.0.6710.16240",
      "Dependencies": [
        {
          "Item1": "System.Management.Automation",
          "Item2": "[6.1.7601.17515, )"
        }
      ]
    },
    "UiPath.System.Activities": {
      "Id": "UiPath.System.Activities",
      "Version": "19.8.0",
      "Dependencies": [
        {
          "Item1": "CsvHelper",
          "Item2": "[2.13.5, )"
        },
        {
          "Item1": "Microsoft.AspNet.SignalR.Client",
          "Item2": "[2.4.0, )"
        },
        {
          "Item1": "Microsoft.Extensions.FileSystemGlobbing",
          "Item2": "[2.2.0, )"
        },
        {
          "Item1": "Microsoft.Rest.ClientRuntime",
          "Item2": "[2.3.20, )"
        },
        {
          "Item1": "Newtonsoft.Json",
          "Item2": "[11.0.2, )"
        }
      ]
    },
    "UiPath.Terminal.Activities": {
      "Id": "UiPath.Terminal.Activities",
      "Version": "1.3.3",
      "Dependencies": [
        {
          "Item1": "Fluent.Ribbon",
          "Item2": "[3.5.1.198, )"
        }
      ]
    },
    "UiPath.UIAutomation.Activities": {
      "Id": "UiPath.UIAutomation.Activities",
      "Version": "19.8.0-ce",
      "Dependencies": [
        {
          "Item1": "UiPath",
          "Item2": "[19.8.7173.31251-ce, )"
        },
        {
          "Item1": "UiPath.Vision",
          "Item2": "[1.7.0, )"
        },
        {
          "Item1": "UiPath.OCR.Contracts",
          "Item2": "[2.1.0, )"
        },
        {
          "Item1": "AvalonEdit",
          "Item2": "[5.0.3, )"
        },
        {
          "Item1": "Extended.Wpf.Toolkit",
          "Item2": "[2.8.0, )"
        },
        {
          "Item1": "Humanizer.Core",
          "Item2": "[2.4.2, )"
        }
      ]
    },
    "UiPath.Vision": {
      "Id": "UiPath.Vision",
      "Version": "1.7.0",
      "Dependencies": []
    },
    "UiPath.WebAPI.Activities": {
      "Id": "UiPath.WebAPI.Activities",
      "Version": "1.4.3",
      "Dependencies": [
        {
          "Item1": "AvalonEdit",
          "Item2": "[5.0.3, )"
        },
        {
          "Item1": "Newtonsoft.Json",
          "Item2": "[11.0.2, )"
        },
        {
          "Item1": "RestSharp",
          "Item2": "[106.3.1, )"
        }
      ]
    },
    "UiPath.Word.Activities": {
      "Id": "UiPath.Word.Activities",
      "Version": "1.3.3",
      "Dependencies": [
        {
          "Item1": "DocX",
          "Item2": "[1.0.0.18, )"
        }
      ]
    },
    "UiPathTeam.ExtractDataTablesFromHTML.Activities": {
      "Id": "UiPathTeam.ExtractDataTablesFromHTML.Activities",
      "Version": "1.0.3",
      "Dependencies": [
        {
          "Item1": "HtmlAgilityPack",
          "Item2": "[1.8.7, )"
        }
      ]
    },
    "UiPathTeam.File.Activities": {
      "Id": "UiPathTeam.File.Activities",
      "Version": "1.0.4",
      "Dependencies": []
    },
    "UiPathTeam.FileConverter.Activities": {
      "Id": "UiPathTeam.FileConverter.Activities",
      "Version": "0.0.6814.35837",
      "Dependencies": [
        {
          "Item1": "Microsoft.Office.Interop.Excel",
          "Item2": "[15.0.4795.1000, )"
        },
        {
          "Item1": "Microsoft.Office.Interop.Word",
          "Item2": "[15.0.4797.1003, )"
        }
      ]
    },
    "UiPathTeam.HTMLActivities": {
      "Id": "UiPathTeam.HTMLActivities",
      "Version": "2.0.0",
      "Dependencies": []
    },
    "UiPathTeam.RunWithTimeout.Activities": {
      "Id": "UiPathTeam.RunWithTimeout.Activities",
      "Version": "1.0.7",
      "Dependencies": []
    },
    "UiPathTeam.XPathWebScrape.Activities": {
      "Id": "UiPathTeam.XPathWebScrape.Activities",
      "Version": "1.0.1",
      "Dependencies": [
        {
          "Item1": "HtmlAgilityPack",
          "Item2": "[1.8.2, )"
        }
      ]
    }
  }
}